{"v":"5.5.0","fr":59.1139984130859,"ip":0,"op":99.0012010692691,"w":149,"h":149,"nm":"ruedas/carro descompuesto 2","ddd":0,"assets":[],"layers":[{"ddd":0,"ind":1,"ty":4,"nm":"Regular-M Outlines","sr":1,"ks":{"o":{"a":0,"k":100,"ix":11},"r":{"a":0,"k":0,"ix":10},"p":{"a":0,"k":[72,78,0],"ix":2},"a":{"a":0,"k":[56.5,48.5,0],"ix":1},"s":{"a":0,"k":[63.918,63.918,100],"ix":6}},"ao":0,"shapes":[{"ty":"gr","it":[{"ind":0,"ty":"sh","ix":1,"ks":{"a":0,"k":{"i":[[0,-4.395],[-4.395,0],[0,4.443],[4.443,0]],"o":[[0,4.443],[4.443,0],[0,-4.395],[-4.395,0]],"v":[[24.902,40.088],[32.861,47.998],[40.82,40.088],[32.861,32.178]],"c":true},"ix":2},"nm":"Path 1","mn":"ADBE Vector Shape - Group","hd":false},{"ind":1,"ty":"sh","ix":2,"ks":{"a":0,"k":{"i":[[0,-4.395],[-4.444,0],[0,4.443],[4.394,0]],"o":[[0,4.443],[4.394,0],[0,-4.395],[-4.444,0]],"v":[[-20.751,40.088],[-12.792,47.998],[-4.883,40.088],[-12.792,32.178]],"c":true},"ix":2},"nm":"Path 2","mn":"ADBE Vector Shape - Group","hd":false},{"ind":2,"ty":"sh","ix":3,"ks":{"a":0,"k":{"i":[[0,-1.953],[-1.953,0],[0,0],[0,0],[-7.08,0],[0,0],[0,2.099],[1.904,0],[0,0],[0.439,2.978],[0,0],[0,0],[-1.026,6.982],[0,0],[0,0.44],[2.685,0],[0,0],[0,0],[4.98,0],[0,0]],"o":[[0,2.002],[0,0],[0,0],[1.025,6.934],[0,0],[1.904,0],[0,-2.1],[0,0],[-2.783,0],[0,0],[0,0],[7.129,0],[0,0],[0.098,-0.635],[0,-2.343],[0,0],[0,0],[-0.488,-3.76],[0,0],[-1.953,0]],"v":[[-56.348,-44.336],[-52.734,-40.625],[-36.23,-40.625],[-28.417,12.988],[-16.65,24.268],[40.333,24.268],[43.896,20.606],[40.333,16.943],[-15.82,16.943],[-20.751,12.012],[-21.534,6.885],[40.43,6.885],[52.246,-4.492],[56.152,-30.322],[56.348,-32.178],[51.904,-36.133],[-27.784,-36.133],[-28.76,-42.334],[-35.596,-47.998],[-52.734,-47.998]],"c":true},"ix":2},"nm":"Path 3","mn":"ADBE Vector Shape - Group","hd":false},{"ty":"mm","mm":1,"nm":"Merge Paths 1","mn":"ADBE Vector Filter - Merge","hd":false},{"ty":"fl","c":{"a":0,"k":[0.310000011968,0.816000007181,0.325,1],"ix":4},"o":{"a":0,"k":100,"ix":5},"r":1,"bm":0,"nm":"Fill 1","mn":"ADBE Vector Graphic - Fill","hd":false},{"ty":"tr","p":{"a":0,"k":[56.598,48.213],"ix":2},"a":{"a":0,"k":[0,0],"ix":1},"s":{"a":0,"k":[100,100],"ix":3},"r":{"a":0,"k":0,"ix":6},"o":{"a":0,"k":100,"ix":7},"sk":{"a":0,"k":0,"ix":4},"sa":{"a":0,"k":0,"ix":5},"nm":"Transform"}],"nm":"Group 1","np":5,"cix":2,"bm":0,"ix":1,"mn":"ADBE Vector Group","hd":false}],"ip":0,"op":99.0012010692691,"st":0,"bm":0},{"ddd":0,"ind":2,"ty":4,"nm":"paquete 2/carro descompuesto Outlines","sr":1,"ks":{"o":{"a":0,"k":100,"ix":11},"r":{"a":0,"k":0,"ix":10},"p":{"a":0,"k":[91.925,54.425,0],"ix":2},"a":{"a":0,"k":[91.925,54.425,0],"ix":1},"s":{"a":1,"k":[{"i":{"x":[0.569,0.569,0.667],"y":[1,1,1]},"o":{"x":[0.333,0.333,0.333],"y":[0,0,0]},"t":34,"s":[0,0,100]},{"i":{"x":[0.548,0.548,0.833],"y":[1.002,1.002,1]},"o":{"x":[0.62,0.62,0.333],"y":[0,0,0]},"t":49.001,"s":[120,120,100]},{"i":{"x":[0.578,0.578,0.833],"y":[0.98,0.98,1]},"o":{"x":[0.454,0.454,0.167],"y":[0,0,0]},"t":54.001,"s":[95,95,100]},{"i":{"x":[0.444,0.444,0.833],"y":[1,1,1]},"o":{"x":[0.454,0.454,0.167],"y":[0,0,0]},"t":58.001,"s":[110.663,110.663,100]},{"t":62.0007521847948,"s":[100,100,100]}],"ix":6}},"ao":0,"shapes":[{"ty":"gr","it":[{"ind":0,"ty":"sh","ix":1,"ks":{"a":0,"k":{"i":[[1.598,0],[0,0],[0,-1.599],[0,0],[-1.598,0],[0,0],[0,1.599],[0,0]],"o":[[0,0],[-1.598,0],[0,0],[0,1.599],[0,0],[1.598,0],[0,0],[0,-1.599]],"v":[[10.296,-10.183],[-10.296,-10.183],[-13.19,-7.288],[-13.19,7.288],[-10.296,10.183],[10.296,10.183],[13.19,7.288],[13.19,-7.288]],"c":true},"ix":2},"nm":"Path 1","mn":"ADBE Vector Shape - Group","hd":false},{"ind":1,"ty":"sh","ix":2,"ks":{"a":0,"k":{"i":[[0,0],[0,0],[0,0],[0,0]],"o":[[0,0],[0,0],[0,0],[0,0]],"v":[[10.296,7.288],[-10.296,7.288],[-10.296,-7.288],[10.296,-7.288]],"c":true},"ix":2},"nm":"Path 2","mn":"ADBE Vector Shape - Group","hd":false},{"ty":"mm","mm":1,"nm":"Merge Paths 1","mn":"ADBE Vector Filter - Merge","hd":false},{"ty":"fl","c":{"a":0,"k":[0.310000011968,0.816000007181,0.325,1],"ix":4},"o":{"a":0,"k":100,"ix":5},"r":1,"bm":0,"nm":"Fill 1","mn":"ADBE Vector Graphic - Fill","hd":false},{"ty":"tr","p":{"a":0,"k":[91.925,54.425],"ix":2},"a":{"a":0,"k":[0,0],"ix":1},"s":{"a":0,"k":[81.564,100],"ix":3},"r":{"a":0,"k":0,"ix":6},"o":{"a":0,"k":100,"ix":7},"sk":{"a":0,"k":0,"ix":4},"sa":{"a":0,"k":0,"ix":5},"nm":"Transform"}],"nm":"Group 1","np":4,"cix":2,"bm":0,"ix":1,"mn":"ADBE Vector Group","hd":false},{"ty":"gr","it":[{"ind":0,"ty":"sh","ix":1,"ks":{"a":0,"k":{"i":[[0,0],[0,0.799],[0,0],[-0.799,0],[0,0],[0,-0.8],[0,0],[0.799,0]],"o":[[-0.799,0],[0,0],[0,-0.8],[0,0],[0.799,0],[0,0],[0,0.799],[0,0]],"v":[[-10.296,8.736],[-11.743,7.288],[-11.743,-7.287],[-10.296,-8.736],[10.296,-8.736],[11.743,-7.287],[11.743,7.288],[10.296,8.736]],"c":true},"ix":2},"nm":"Path 1","mn":"ADBE Vector Shape - Group","hd":false},{"ty":"fl","c":{"a":0,"k":[1,1,1,1],"ix":4},"o":{"a":0,"k":100,"ix":5},"r":1,"bm":0,"nm":"Fill 1","mn":"ADBE Vector Graphic - Fill","hd":false},{"ty":"tr","p":{"a":0,"k":[91.925,54.424],"ix":2},"a":{"a":0,"k":[0,0],"ix":1},"s":{"a":0,"k":[100,100],"ix":3},"r":{"a":0,"k":0,"ix":6},"o":{"a":0,"k":100,"ix":7},"sk":{"a":0,"k":0,"ix":4},"sa":{"a":0,"k":0,"ix":5},"nm":"Transform"}],"nm":"Group 2","np":2,"cix":2,"bm":0,"ix":2,"mn":"ADBE Vector Group","hd":false}],"ip":0,"op":98.5233306884766,"st":0,"bm":0},{"ddd":0,"ind":3,"ty":4,"nm":"paquete 1/carro descompuesto Outlines","sr":1,"ks":{"o":{"a":0,"k":100,"ix":11},"r":{"a":0,"k":0,"ix":10},"p":{"a":0,"k":[65.455,49.06,0],"ix":2},"a":{"a":0,"k":[65.455,49.06,0],"ix":1},"s":{"a":1,"k":[{"i":{"x":[0.569,0.569,0.667],"y":[1,1,1]},"o":{"x":[0.333,0.333,0.333],"y":[0,0,0]},"t":0,"s":[0,0,100]},{"i":{"x":[0.548,0.548,0.833],"y":[1.002,1.002,1]},"o":{"x":[0.62,0.62,0.333],"y":[0,0,0]},"t":15,"s":[120,120,100]},{"i":{"x":[0.578,0.578,0.833],"y":[0.98,0.98,1]},"o":{"x":[0.454,0.454,0.167],"y":[0,0,0]},"t":20,"s":[95,95,100]},{"i":{"x":[0.444,0.444,0.833],"y":[1,1,1]},"o":{"x":[0.454,0.454,0.167],"y":[0,0,0]},"t":24,"s":[110.663,110.663,100]},{"t":28.000339696359,"s":[100,100,100]}],"ix":6}},"ao":0,"shapes":[{"ty":"gr","it":[{"ind":0,"ty":"sh","ix":1,"ks":{"a":0,"k":{"i":[[1.459,0],[0,0],[0,-1.459],[0,0],[-1.459,0],[0,0],[0,1.46],[0,0]],"o":[[0,0],[-1.459,0],[0,0],[0,1.46],[0,0],[1.459,0],[0,0],[0,-1.459]],"v":[[6.924,-9.566],[-6.924,-9.566],[-9.566,-6.924],[-9.566,6.924],[-6.924,9.566],[6.924,9.566],[9.566,6.924],[9.566,-6.924]],"c":true},"ix":2},"nm":"Path 1","mn":"ADBE Vector Shape - Group","hd":false},{"ind":1,"ty":"sh","ix":2,"ks":{"a":0,"k":{"i":[[0,0],[0,0],[0,0],[0,0]],"o":[[0,0],[0,0],[0,0],[0,0]],"v":[[6.924,6.924],[-6.924,6.924],[-6.924,-6.924],[6.924,-6.924]],"c":true},"ix":2},"nm":"Path 2","mn":"ADBE Vector Shape - Group","hd":false},{"ty":"mm","mm":1,"nm":"Merge Paths 1","mn":"ADBE Vector Filter - Merge","hd":false},{"ty":"fl","c":{"a":0,"k":[0.310000011968,0.816000007181,0.325,1],"ix":4},"o":{"a":0,"k":100,"ix":5},"r":1,"bm":0,"nm":"Fill 1","mn":"ADBE Vector Graphic - Fill","hd":false},{"ty":"tr","p":{"a":0,"k":[65.455,49.06],"ix":2},"a":{"a":0,"k":[0,0],"ix":1},"s":{"a":0,"k":[100,100],"ix":3},"r":{"a":0,"k":0,"ix":6},"o":{"a":0,"k":100,"ix":7},"sk":{"a":0,"k":0,"ix":4},"sa":{"a":0,"k":0,"ix":5},"nm":"Transform"}],"nm":"Group 1","np":4,"cix":2,"bm":0,"ix":1,"mn":"ADBE Vector Group","hd":false},{"ty":"gr","it":[{"ind":0,"ty":"sh","ix":1,"ks":{"a":0,"k":{"i":[[0,0],[0,0.729],[0,0],[-0.729,0],[0,0],[0,-0.73],[0,0],[0.73,0]],"o":[[-0.729,0],[0,0],[0,-0.73],[0,0],[0.73,0],[0,0],[0,0.729],[0,0]],"v":[[-6.924,8.245],[-8.245,6.924],[-8.245,-6.924],[-6.924,-8.245],[6.924,-8.245],[8.245,-6.924],[8.245,6.924],[6.924,8.245]],"c":true},"ix":2},"nm":"Path 1","mn":"ADBE Vector Shape - Group","hd":false},{"ty":"fl","c":{"a":0,"k":[1,1,1,1],"ix":4},"o":{"a":0,"k":100,"ix":5},"r":1,"bm":0,"nm":"Fill 1","mn":"ADBE Vector Graphic - Fill","hd":false},{"ty":"tr","p":{"a":0,"k":[65.455,49.06],"ix":2},"a":{"a":0,"k":[0,0],"ix":1},"s":{"a":0,"k":[100,100],"ix":3},"r":{"a":0,"k":0,"ix":6},"o":{"a":0,"k":100,"ix":7},"sk":{"a":0,"k":0,"ix":4},"sa":{"a":0,"k":0,"ix":5},"nm":"Transform"}],"nm":"Group 2","np":2,"cix":2,"bm":0,"ix":2,"mn":"ADBE Vector Group","hd":false}],"ip":0,"op":98.5233306884766,"st":0,"bm":0},{"ddd":0,"ind":4,"ty":4,"nm":"paquete 3/carro descompuesto Outlines","sr":1,"ks":{"o":{"a":0,"k":100,"ix":11},"r":{"a":0,"k":0,"ix":10},"p":{"a":0,"k":[77.065,48.078,0],"ix":2},"a":{"a":0,"k":[77.065,48.078,0],"ix":1},"s":{"a":1,"k":[{"i":{"x":[0.833,0.833,0.833],"y":[1,1,1]},"o":{"x":[0.167,0.167,0.167],"y":[0,0,16.667]},"t":0,"s":[0,0,100]},{"i":{"x":[0.569,0.569,0.667],"y":[1,1,1]},"o":{"x":[0.333,0.333,0.333],"y":[0,0,0]},"t":69.001,"s":[0,0,100]},{"i":{"x":[0.548,0.548,0.833],"y":[1.002,1.002,1]},"o":{"x":[0.62,0.62,0.333],"y":[0,0,0]},"t":84.001,"s":[120,120,100]},{"i":{"x":[0.578,0.578,0.833],"y":[0.98,0.98,1]},"o":{"x":[0.454,0.454,0.167],"y":[0,0,0]},"t":89.001,"s":[95,95,100]},{"i":{"x":[0.444,0.444,0.833],"y":[1,1,1]},"o":{"x":[0.454,0.454,0.167],"y":[0,0,0]},"t":93.001,"s":[110.663,110.663,100]},{"t":97.0011768052435,"s":[100,100,100]}],"ix":6}},"ao":0,"shapes":[{"ty":"gr","it":[{"ind":0,"ty":"sh","ix":1,"ks":{"a":0,"k":{"i":[[1.657,0],[0,0],[0,-1.657],[0,0],[-1.657,0],[0,0],[0,1.656],[0,0]],"o":[[0,0],[-1.657,0],[0,0],[0,1.656],[0,0],[1.657,0],[0,0],[0,-1.657]],"v":[[7.821,-17.651],[-7.821,-17.651],[-10.821,-14.651],[-10.821,14.651],[-7.821,17.651],[7.821,17.651],[10.821,14.651],[10.821,-14.651]],"c":true},"ix":2},"nm":"Path 1","mn":"ADBE Vector Shape - Group","hd":false},{"ind":1,"ty":"sh","ix":2,"ks":{"a":0,"k":{"i":[[0,0],[0,0],[0,0],[0,0]],"o":[[0,0],[0,0],[0,0],[0,0]],"v":[[7.821,14.651],[-7.821,14.651],[-7.821,-14.651],[7.821,-14.651]],"c":true},"ix":2},"nm":"Path 2","mn":"ADBE Vector Shape - Group","hd":false},{"ty":"mm","mm":1,"nm":"Merge Paths 1","mn":"ADBE Vector Filter - Merge","hd":false},{"ty":"fl","c":{"a":0,"k":[0.310000011968,0.816000007181,0.325,1],"ix":4},"o":{"a":0,"k":100,"ix":5},"r":1,"bm":0,"nm":"Fill 1","mn":"ADBE Vector Graphic - Fill","hd":false},{"ty":"tr","p":{"a":0,"k":[77.065,48.078],"ix":2},"a":{"a":0,"k":[0,0],"ix":1},"s":{"a":0,"k":[100,100],"ix":3},"r":{"a":0,"k":0,"ix":6},"o":{"a":0,"k":100,"ix":7},"sk":{"a":0,"k":0,"ix":4},"sa":{"a":0,"k":0,"ix":5},"nm":"Transform"}],"nm":"Group 1","np":4,"cix":2,"bm":0,"ix":1,"mn":"ADBE Vector Group","hd":false},{"ty":"gr","it":[{"ind":0,"ty":"sh","ix":1,"ks":{"a":0,"k":{"i":[[0,0],[0,0.829],[0,0],[-0.829,0],[0,0],[0,-0.828],[0,0],[0.828,0]],"o":[[-0.829,0],[0,0],[0,-0.828],[0,0],[0.828,0],[0,0],[0,0.829],[0,0]],"v":[[-7.821,16.151],[-9.321,14.651],[-9.321,-14.651],[-7.821,-16.151],[7.821,-16.151],[9.321,-14.651],[9.321,14.651],[7.821,16.151]],"c":true},"ix":2},"nm":"Path 1","mn":"ADBE Vector Shape - Group","hd":false},{"ty":"fl","c":{"a":0,"k":[1,1,1,1],"ix":4},"o":{"a":0,"k":100,"ix":5},"r":1,"bm":0,"nm":"Fill 1","mn":"ADBE Vector Graphic - Fill","hd":false},{"ty":"tr","p":{"a":0,"k":[77.065,48.078],"ix":2},"a":{"a":0,"k":[0,0],"ix":1},"s":{"a":0,"k":[100,100],"ix":3},"r":{"a":0,"k":0,"ix":6},"o":{"a":0,"k":100,"ix":7},"sk":{"a":0,"k":0,"ix":4},"sa":{"a":0,"k":0,"ix":5},"nm":"Transform"}],"nm":"Group 2","np":2,"cix":2,"bm":0,"ix":2,"mn":"ADBE Vector Group","hd":false}],"ip":0,"op":98.5233306884766,"st":0,"bm":0}],"markers":[]}